ingredient_name	one_line_highlight	short_paragraph_benefits	img_source
Cacao	Mood + Gut Boost	Cacao supports gut health and enhances mood through its high content of flavonoids, magnesium, and gentle stimulants like theobromine. It promotes mental clarity without a crash and helps feed beneficial gut bacteria.	/media/ingredients/ingredient-placeholder.webp
Cordyceps	Endurance + Vitality	Used traditionally for stamina and vitality, cordyceps enhances cellular energy production (ATP), supports adrenal balance, and helps the body adapt to physical and mental stress—ideal during detox from overstimulation.	/media/ingredients/ingredient-placeholder.webp
Lion's Mane	Brain + Nerve Support	Lion’s Mane stimulates Nerve Growth Factor (NGF), aiding in cognitive function, memory, and repair of the nervous system. It also has gut-healing and anti-inflammatory effects that support the gut-brain axis.	/media/ingredients/ingredient-placeholder.webp
Chaga	Immunity + Antioxidants	Chaga contains powerful antioxidants like melanin and superoxide dismutase that reduce inflammation, combat oxidative stress, and support immune resilience, particularly beneficial for gut lining repair.	/media/ingredients/ingredient-placeholder.webp
Reishi	Calm + Hormone Balance	Reishi helps regulate cortisol, modulate immune response, and reduce inflammation throughout the body. It's especially effective for those with stress-related gut issues or sleep disturbances.	/media/ingredients/ingredient-placeholder.webp
Guarana	Stable Natural Energy	Guarana provides a sustained release of natural caffeine, reducing withdrawal symptoms from coffee while promoting mental clarity and physical alertness without overstimulating the gut.	/media/ingredients/ingredient-placeholder.webp
Green Tea	Focus + Fat Burn	Green tea balances caffeine with L-theanine, supporting calm alertness, lowering stress, and providing catechins that feed healthy gut bacteria and reduce inflammation.	/media/ingredients/ingredient-placeholder.webp
Turkey Tail	Gut Lining Repair	Turkey Tail is packed with beta-glucans and polysaccharopeptides that feed beneficial bacteria, enhance mucosal immunity, and support healing of the intestinal wall—crucial during detox and microbiome reset.	/media/ingredients/ingredient-placeholder.webp
Ashwegandha	Stress Reset	Ashwagandha helps lower cortisol, regulate thyroid function, and calm systemic inflammation. It supports the gut by reducing stress-induced digestive issues and improving overall resilience.	/media/ingredients/ingredient-placeholder.webp
